id,created_at,updated_at
2,"2017-05-05 22:42:51.563713","2017-05-05 22:42:51.563713"
3,"2017-05-05 22:43:01.364276","2017-05-05 22:43:01.364276"
4,"2017-05-05 22:43:32.031274","2017-05-05 22:43:32.031274"
5,"2017-05-05 22:45:49.739738","2017-05-05 22:45:49.739738"
6,"2017-05-05 22:47:32.803648","2017-05-05 22:47:32.803648"
7,"2017-05-05 22:47:54.199096","2017-05-05 22:47:54.199096"
8,"2017-05-05 22:48:02.371547","2017-05-05 22:48:02.371547"
9,"2017-05-05 22:56:04.436600","2017-05-05 22:56:04.436600"
10,"2017-05-05 22:57:59.905188","2017-05-05 22:57:59.905188"
11,"2017-05-05 22:58:52.346203","2017-05-05 22:58:52.346203"
12,"2017-05-05 22:59:05.040317","2017-05-05 22:59:05.040317"
13,"2017-05-05 22:59:49.302537","2017-05-05 22:59:49.302537"
14,"2017-05-05 22:59:53.927347","2017-05-05 22:59:53.927347"
15,"2017-05-05 23:00:08.882830","2017-05-05 23:00:08.882830"
16,"2017-05-05 23:06:40.906544","2017-05-05 23:06:40.906544"
17,"2017-05-05 23:06:51.016868","2017-05-05 23:06:51.016868"
20,"2017-05-09 01:23:15.829319","2017-05-09 01:23:15.829319"
23,"2017-05-10 01:42:13.898588","2017-05-10 01:42:13.898588"
49,"2017-05-10 22:36:13.598836","2017-05-10 22:36:13.598836"
65,"2017-05-11 00:42:33.610087","2017-05-11 00:42:33.610087"
69,"2017-05-11 22:15:12.765854","2017-05-11 22:15:12.765854"
74,"2017-05-15 21:34:05.806013","2017-05-15 21:34:05.806013"
78,"2017-05-16 18:41:24.248090","2017-05-16 18:41:24.248090"
79,"2017-05-23 02:53:28.178774","2017-05-23 02:53:28.178774"
80,"2017-05-23 02:53:28.742615","2017-05-23 02:53:28.742615"
81,"2017-05-23 16:21:20.169728","2017-05-23 16:21:20.169728"
82,"2017-05-23 16:21:20.316637","2017-05-23 16:21:20.316637"
83,"2017-05-23 17:57:25.194310","2017-05-23 17:57:25.194310"
84,"2017-05-23 17:57:25.379107","2017-05-23 17:57:25.379107"
85,"2017-05-23 19:14:08.662307","2017-05-23 19:14:08.662307"
86,"2017-05-23 19:14:08.849746","2017-05-23 19:14:08.849746"
88,"2017-05-24 01:31:14.063731","2017-05-24 01:31:14.063731"
99,"2017-05-25 23:25:30.837181","2017-05-25 23:25:30.837181"
100,"2017-05-31 21:35:00.086042","2017-05-31 21:35:00.086042"
101,"2017-05-31 21:35:01.972201","2017-05-31 21:35:01.972201"
102,"2017-06-05 01:44:11.932440","2017-06-05 01:44:11.932440"
103,"2017-06-05 01:44:12.297166","2017-06-05 01:44:12.297166"
104,"2017-06-05 03:30:11.973307","2017-06-05 03:30:11.973307"
105,"2017-06-05 03:30:12.226677","2017-06-05 03:30:12.226677"
106,"2017-06-05 18:08:05.992478","2017-06-05 18:08:05.992478"
107,"2017-06-05 18:08:06.302801","2017-06-05 18:08:06.302801"
108,"2017-06-05 20:13:33.077854","2017-06-05 20:13:33.077854"
109,"2017-06-05 20:13:33.346674","2017-06-05 20:13:33.346674"
110,"2017-06-05 20:58:38.350945","2017-06-05 20:58:38.350945"
111,"2017-06-08 02:54:48.705113","2017-06-08 02:54:48.705113"
112,"2017-06-08 02:54:48.710261","2017-06-08 02:54:48.710261"
113,"2017-06-08 02:54:49.712872","2017-06-08 02:54:49.712872"
